{"name":"3c91fcb8-4caa-4121-bb9a-c4f66a4d0db4","id":"/providers/Microsoft.Flow/flows/3c91fcb8-4caa-4121-bb9a-c4f66a4d0db4","type":"Microsoft.Flow/flows","properties":{"apiId":"/providers/Microsoft.PowerApps/apis/shared_logicflows","displayName":"DisasterFlow","definition":{"metadata":{"workflowEntityId":null,"processAdvisorMetadata":null,"flowclientsuspensionreason":"None","flowclientsuspensiontime":null,"creator":{"id":"7daa55f6-45d5-4b63-bfb8-103015ac846d","type":"User","tenantId":"0d1b8bde-ffc1-4f5c-9600-2a753dacba05"},"provisioningMethod":"FromDefinition","failureAlertSubscription":true,"clientLastModifiedTime":"2021-10-31T03:22:20.3902332Z"},"$schema":"https://schema.management.azure.com/providers/Microsoft.Logic/schemas/2016-06-01/workflowdefinition.json#","contentVersion":"1.0.0.0","parameters":{"$connections":{"defaultValue":{},"type":"Object"},"$authentication":{"defaultValue":{},"type":"SecureObject"}},"triggers":{"Recurrence":{"recurrence":{"frequency":"Month","interval":1,"startTime":"2021-10-07T06:00:00.000Z"},"type":"Recurrence"}},"actions":{"List_rows_present_in_a_table":{"runAfter":{"Initialize_variable":["Succeeded"]},"metadata":{"8D82DDB03B1098A!283870":"/Documents/Tweets/vicinitas_landslide_results.xlsx","8D82DDB03B1098A!283877":"/Documents/Tweets/vicinitas_cyclone_results.xlsx","8D82DDB03B1098A!283874":"/Documents/Tweets/vicinitas_earthquake_results.xlsx","8D82DDB03B1098A!283876":"/Documents/Tweets/vicinitas_drought_results.xlsx","8D82DDB03B1098A!283866":"/Documents/Tweets/vicinitas_tsunami_results.xlsx","8D82DDB03B1098A!283878":"/Documents/Tweets/vicinitas_bushfire_results.xlsx","8D82DDB03B1098A!283869":"/Documents/Tweets/vicinitas_landfall_results.xlsx","8D82DDB03B1098A!283890":"/Documents/Tweets/vicinitas_hurricane_results.xlsx","8D82DDB03B1098A!283872":"/Documents/Tweets/vicinitas_flood_results.xlsx"},"type":"OpenApiConnection","inputs":{"host":{"apiId":"/providers/Microsoft.PowerApps/apis/shared_excelonline","connectionName":"shared_excelonline","operationId":"GetItems"},"parameters":{"file":"8D82DDB03B1098A!283872","table":"{B3DF450B-D64F-4AA0-95D4-5CEF9E2F229D}","$top":3000},"authentication":"@parameters('$authentication')"},"runtimeConfiguration":{"paginationPolicy":{"minimumItemCount":3000}}},"Apply_to_each":{"foreach":"@outputs('List_rows_present_in_a_table')?['body/value']","actions":{"Apply_to_each_4":{"foreach":"@outputs('Extract_entities_from_text_with_the_standard_model_2')?['body/responsev2/predictionOutput/result/entities']","actions":{"Apply_to_each_2":{"foreach":"@outputs('Classify_text_into_categories_with_the_standard_model')?['body/responsev2/predictionOutput/results']","actions":{"Add_a_row_into_a_table":{"runAfter":{},"metadata":{"8D82DDB03B1098A!283882":"/Documents/Tweets/Entities.xlsx","8D82DDB03B1098A!283891":"/Documents/Tweets/Entities.xlsx"},"type":"OpenApiConnection","inputs":{"host":{"apiId":"/providers/Microsoft.PowerApps/apis/shared_excelonline","connectionName":"shared_excelonline","operationId":"AddRowV2"},"parameters":{"file":"8D82DDB03B1098A!283891","table":"{B2486220-2A78-4C6D-9D1F-8C0639769543}","item/TweetID":"@items('Apply_to_each')?['Tweet Id']","item/EntityType":"@items('Apply_to_each_4')?['type']","item/Entity":"@items('Apply_to_each_4')?['value']","item/EntityConfidence":"@items('Apply_to_each_4')?['score']","item/TweetDate":"@items('Apply_to_each')?['Created At']","item/Sentiment":"@outputs('Analyze_positive_or_negative_sentiment_in_text')?['body/responsev2/predictionOutput/result/sentiment']","item/SentimentPositve":"@outputs('Analyze_positive_or_negative_sentiment_in_text')?['body/responsev2/predictionOutput/result/documentScores/positive']","item/SentimentNegative":"@outputs('Analyze_positive_or_negative_sentiment_in_text')?['body/responsev2/predictionOutput/result/documentScores/negative']","item/SetimentNeutral":"@outputs('Analyze_positive_or_negative_sentiment_in_text')?['body/responsev2/predictionOutput/result/documentScores/neutral']","item/Favourite":"@items('Apply_to_each')?['Favorites']","item/Retweet":"@items('Apply_to_each')?['Retweets']","item/TweetType":"@items('Apply_to_each')?['Tweet Type']","item/Category":"@items('Apply_to_each_2')?['type']","item/Language":"@items('Apply_to_each')?['Language']","item/Category Confidence":"@items('Apply_to_each_2')?['score']","item/Source":"Flood"},"authentication":"@parameters('$authentication')"}}},"runAfter":{},"type":"Foreach"}},"runAfter":{"Classify_text_into_categories_with_the_standard_model":["Succeeded"]},"type":"Foreach"},"Condition":{"actions":{"Set_variable":{"runAfter":{},"type":"SetVariable","inputs":{"name":"TextAnalysis","value":"@items('Apply_to_each')?['Text']"}}},"runAfter":{},"else":{"actions":{"Translate_text":{"runAfter":{},"type":"OpenApiConnection","inputs":{"host":{"apiId":"/providers/Microsoft.PowerApps/apis/shared_translatorv2","connectionName":"shared_translatorv2","operationId":"Translate"},"parameters":{"to":"en","body/Text":"@items('Apply_to_each')?['Text']"},"authentication":"@parameters('$authentication')"}},"Set_variable_2":{"runAfter":{"Translate_text":["Succeeded"]},"type":"SetVariable","inputs":{"name":"TextAnalysis","value":"@outputs('Translate_text')?['body']"}}}},"expression":{"equals":["@items('Apply_to_each')?['Language']","en"]},"type":"If"},"Classify_text_into_categories_with_the_standard_model":{"runAfter":{"Extract_entities_from_text_with_the_standard_model_2":["Succeeded"]},"metadata":{"flowSystemMetadata":{"portalOperationId":"aibuilderpredict_textclassificationpretrained","portalOperationGroup":"aibuilder","portalOperationApiDisplayNameOverride":"AI Builder","portalOperationIconOverride":"https://psuxaustralia.azureedge.net/Content/Images/DesignerOperations/aiBuilder.png","portalOperationBrandColorOverride":"#742775","portalOperationApiTierOverride":"Standard"}},"type":"OpenApiConnection","inputs":{"host":{"apiId":"/providers/Microsoft.PowerApps/apis/shared_commondataserviceforapps","connectionName":"shared_commondataserviceforapps","operationId":"aibuilderpredict_textclassificationpretrained"},"parameters":{"item/requestv2/language":"en","item/requestv2/text":"@variables('TextAnalysis')","recordId":"62d1e848-5ca7-490a-94bf-79baabe85ef4"},"authentication":"@parameters('$authentication')"}},"Extract_entities_from_text_with_the_standard_model_2":{"runAfter":{"Analyze_positive_or_negative_sentiment_in_text":["Succeeded"]},"metadata":{"flowSystemMetadata":{"portalOperationId":"aibuilderpredict_entityextraction","portalOperationGroup":"aibuilder","portalOperationApiDisplayNameOverride":"AI Builder","portalOperationIconOverride":"https://psuxaustralia.azureedge.net/Content/Images/DesignerOperations/aiBuilder.png","portalOperationBrandColorOverride":"#742775","portalOperationApiTierOverride":"Standard"}},"type":"OpenApiConnection","inputs":{"host":{"apiId":"/providers/Microsoft.PowerApps/apis/shared_commondataserviceforapps","connectionName":"shared_commondataserviceforapps","operationId":"aibuilderpredict_entityextraction"},"parameters":{"item/requestv2/language":"en","item/requestv2/text":"@variables('TextAnalysis')","recordId":"8c281981-c5d6-484f-bac7-4924ddd0b8ae"},"authentication":"@parameters('$authentication')"}},"Analyze_positive_or_negative_sentiment_in_text":{"runAfter":{"Condition":["Succeeded"]},"metadata":{"flowSystemMetadata":{"portalOperationId":"aibuilderpredict_sentimentanalysis","portalOperationGroup":"aibuilder","portalOperationApiDisplayNameOverride":"AI Builder","portalOperationIconOverride":"https://psuxaustralia.azureedge.net/Content/Images/DesignerOperations/aiBuilder.png","portalOperationBrandColorOverride":"#742775","portalOperationApiTierOverride":"Standard"}},"type":"OpenApiConnection","inputs":{"host":{"apiId":"/providers/Microsoft.PowerApps/apis/shared_commondataserviceforapps","connectionName":"shared_commondataserviceforapps","operationId":"aibuilderpredict_sentimentanalysis"},"parameters":{"item/requestv2/language":"en","item/requestv2/text":"@variables('TextAnalysis')","recordId":"f1c549c2-a97e-47a5-b612-c5c2bab0f163"},"authentication":"@parameters('$authentication')"}}},"runAfter":{"List_rows_present_in_a_table":["Succeeded"]},"type":"Foreach"},"Initialize_variable":{"runAfter":{},"type":"InitializeVariable","inputs":{"variables":[{"name":"TextAnalysis","type":"string"}]}}}},"connectionReferences":{"shared_excelonline":{"connectionName":"shared-excelonline-eeb99084-564e-4264-906b-2628-307d3bd4","source":"Embedded","id":"/providers/Microsoft.PowerApps/apis/shared_excelonline","tier":"NotSpecified"},"shared_translatorv2":{"connectionName":"shared-translatorv2-613e7dcc-9197-45d1-83ed-05ff-3af922b3","source":"Embedded","id":"/providers/Microsoft.PowerApps/apis/shared_translatorv2","tier":"NotSpecified"},"shared_commondataserviceforapps":{"connectionName":"shared-commondataser-6e076a12-0886-4315-b2bd-d1de-797c5cf7","source":"Embedded","id":"/providers/Microsoft.PowerApps/apis/shared_commondataserviceforapps","tier":"NotSpecified"}},"flowFailureAlertSubscribed":false}}